{
    "dji fc9313 4096 3072 brown 0.7058": {
        "projection_type": "brown",
        "width": 4096,
        "height": 3072,
        "focal_x": 0.6696327741010139,
        "focal_y": 0.6696327741010139,
        "c_x": 0.00033110213323023766,
        "c_y": -0.0010954262250939739,
        "k1": 0.050609367396889815,
        "k2": -0.10507449561799809,
        "p1": -4.841640969460984e-05,
        "p2": 0.0003598680138298266,
        "k3": 0.07715954381683757
    }
}